x,Eygivenx,u,y
1.0,3.0,1.6898891,4.689889
2.0,5.0,-0.3187171,4.681283
3.0,7.0,-2.5066674,4.493333
4.0,9.0,-1.6332803,7.3667197
5.0,11.0,-2.390764,8.609236
